tweet_id,claim_binary,claim_three,claim_vis,topic
1222389977474043907,1,2,2,covid
1222488341146456064,1,2,1,covid
1034937925971206144,0,0,0,climate
1032662870935457792,0,0,0,climate
1222685123642118146,1,2,2,covid
1222682093643235329,1,2,1,covid
1034362868819484672,0,0,0,climate
1033436298961473536,0,0,0,climate
1033356793714339841,0,0,0,climate
1033687765886676997,0,0,0,climate
1034570604970749952,1,2,2,climate
1222502083028324357,1,2,1,covid
1032837821998882816,0,0,0,climate
1135876631631978497,0,0,0,tech
1032855040988532736,1,2,2,climate
1177983880567111680,1,1,2,tech
1222441536727613441,1,2,2,covid
1222864673080561667,1,2,1,covid
1034478331972988928,1,2,1,climate
1143944929737134080,1,2,1,tech
1215789826852769793,1,2,1,tech
1222564598546563073,0,0,0,covid
1196977498719961089,0,0,0,tech
1034952568634527744,0,0,0,climate
1222495678112264193,1,2,2,covid
1222626623779897345,1,2,2,covid
1196217988027834373,0,0,0,tech
1242935782161219597,1,2,2,tech
1222453068081614848,1,1,1,covid
1033982689550970880,0,0,0,climate
1242929511760617472,0,0,0,tech
1222491941880958976,1,2,1,covid
1186841621381431296,0,0,0,tech
1170756482377252865,0,0,0,tech
1208253358840135681,0,0,0,tech
1032882568067047425,1,2,2,climate
1222652348956315654,0,0,0,covid
1222695942882619392,0,0,0,covid
1214130937665069056,0,0,0,tech
1033373510150836225,0,0,0,climate
1033967653776486400,0,0,0,climate
1034093406807576576,0,0,0,climate
1222638439117410304,1,2,2,covid
1222920999383044096,1,1,1,covid
1034681269404266496,1,2,1,climate
1196943495396839430,0,0,0,tech
1032759937997393920,1,1,2,climate
1222407227266326528,1,1,1,covid
1249847990568644608,0,0,0,tech
1222498272058568705,1,2,1,covid
1035262048270254085,1,1,1,climate
1138235986159243267,0,0,0,tech
1222836583189172231,1,2,1,covid
1222609001785020418,1,2,2,covid
1197441726350331904,0,0,0,tech
1035263455425650690,0,0,0,climate
1222840441453740032,1,2,2,covid
1142986335323430912,1,2,1,tech
1032723947488346112,0,0,0,climate
1179471715774193666,0,0,0,tech
1222761603260735488,0,0,0,covid
1222477170066501634,1,2,1,covid
1033136080881627136,0,0,0,climate
1034889095661674496,0,0,0,climate
1240128559286562817,0,0,0,tech
1200099422119481344,1,2,1,tech
1222845186612637696,0,0,0,covid
1222609244467257344,1,2,1,covid
1222458189251301376,1,2,1,covid
1131173304625192961,0,0,0,tech
1222610465349668864,1,2,2,covid
1034194055918313473,0,0,0,climate
1222924139377373184,1,2,2,covid
1181920313799565312,0,0,0,tech
1215920043214532609,1,2,2,tech
1033686064479780865,0,0,0,climate
1222698599202611200,1,2,1,covid
1034239699236401158,1,2,2,climate
1222551762244132864,1,2,1,covid
1033747927204802560,0,0,0,climate
1035259012957306882,1,1,1,climate
1222725734856159232,1,2,2,covid
1222457613192978433,1,2,1,covid
1222910144914149377,1,2,1,covid
1222792504405192705,1,2,1,covid
1147021981419806720,1,2,2,tech
1148203862635012097,0,0,0,tech
1222464035926339584,1,2,1,covid
1222970523178549248,0,0,0,covid
1033032589378957312,0,0,0,climate
1033360142467776513,1,1,2,climate
1222472904144834560,1,2,2,covid
1153005265123446786,0,0,0,tech
1222955117877649410,1,2,1,covid
1035199720937926656,1,1,2,climate
1143074012605669376,0,0,0,tech
1249231633401688065,1,2,1,tech
1222613905656012800,1,2,1,covid
1187128193943248897,0,0,0,tech
1033130592257421312,0,0,0,climate
1135739748235075585,1,1,1,tech
1032982942883229696,0,0,0,climate
1032891906471092224,0,0,0,climate
1224362040522936329,0,0,0,tech
1222918559485059072,0,0,0,covid
1034334961468354560,0,0,0,climate
1034384612246470656,1,2,1,climate
1181374249732321281,0,0,0,tech
1222802294082719744,0,0,0,covid
1034912109065318400,1,1,2,climate
1033993287751725056,0,0,0,climate
1222697232975245313,0,0,0,covid
1221999594596372480,1,1,1,tech
1034872512792805376,1,1,1,climate
1033948890041647104,0,0,0,climate
1034151542696206339,0,0,0,climate
1034820695207759872,1,1,2,climate
1202807482885779458,0,0,0,tech
1222798902467842048,1,2,1,covid
1035165040230445056,0,0,0,climate
1199144868725100545,0,0,0,tech
1222686598929608704,1,2,2,covid
1034851746487644168,0,0,0,climate
1247489105606426624,1,2,1,tech
1222511732939218944,0,0,0,covid
1034537540727058433,1,2,2,climate
1222435406601445376,0,0,0,covid
1222434462568501248,1,2,2,covid
1033762420731170816,1,1,2,climate
1128105162852028416,1,2,1,tech
1151848799028961280,0,0,0,tech
1035159582258147328,0,0,0,climate
1196693202683740160,0,0,0,tech
1222659956526088192,1,2,1,covid
1222565272889872384,0,0,0,covid
1222446771068112897,0,0,0,covid
1222948062366138375,1,2,2,covid
1222573593512509440,0,0,0,covid
1127832809001717760,0,0,0,tech
1222547693547016193,0,0,0,covid
1222962147149434880,0,0,0,covid
1222592722818736128,1,2,2,covid
1249471937673297921,0,0,0,tech
1248220927785160704,0,0,0,tech
1222683698945912832,1,2,2,covid
1222935508835348481,1,2,1,covid
1222542525807890432,0,0,0,covid
1032993487875178496,0,0,0,climate
1034903097179611139,0,0,0,climate
1254066983005536261,0,0,0,tech
1222689931572715522,1,2,1,covid
1248585296687575040,0,0,0,tech
1174661933053538306,0,0,0,tech
1128844022276136960,0,0,0,tech
1222857621994196994,1,2,1,covid
1182064015603896321,1,1,2,tech
1222945225775075328,0,0,0,covid
1033741930428030976,1,2,2,climate
1186825902753107969,0,0,0,tech
1178810521941880834,0,0,0,tech
1132396717461127170,1,1,2,tech
1222607700795637760,1,2,1,covid
1222656187285393408,1,2,1,covid
1212809295521296385,0,0,0,tech
1222407239190880256,0,0,0,covid
1175096730519363584,0,0,0,tech
1222378730133180417,0,0,0,covid
1222974098004959234,0,0,0,covid
1222522551886180353,1,1,1,covid
1222411714848673792,0,0,0,covid
1222370091796271104,0,0,0,covid
1222715872755712001,0,0,0,covid
1158963743713308674,0,0,0,tech
1222670403581116421,1,2,2,covid
1135345970194124800,0,0,0,tech
1189527766993178627,0,0,0,tech
1034743754295582720,1,1,2,climate
1222869444558557184,1,2,1,covid
1032675403062755331,0,0,0,climate
1222620673287368704,1,2,1,covid
1222671763307483142,1,2,2,covid
1222824725220675584,1,2,1,covid
1222630052782886914,0,0,0,covid
1033183469088792577,0,0,0,climate
1222803044795994114,1,2,2,covid
1034025890089525248,0,0,0,climate
1222406833337458689,0,0,0,covid
1222410847915585537,1,2,1,covid
1222452025083850752,1,2,2,covid
1228144900086079488,0,0,0,tech
1217537553601114112,0,0,0,tech
1222819825040248832,1,2,2,covid
1222974011640090625,0,0,0,covid
1205027104368279552,0,0,0,tech
1222580431242924032,0,0,0,covid
1034478270744604672,0,0,0,climate
1222906296778838017,0,0,0,covid
1222736311511109634,1,2,1,covid
1033512288274317312,0,0,0,climate
1033471835554361346,1,1,2,climate
1033883579867123712,0,0,0,climate
1034684757555245056,0,0,0,climate
1222476407164436482,0,0,0,covid
1222590094751567873,1,2,2,covid
1033933262157213696,1,2,2,climate
1222730293859225602,1,2,1,covid
1176453056063516674,0,0,0,tech
1222809920669569025,0,0,0,covid
1034915213483565056,1,1,2,climate
1252257735644610561,0,0,0,tech
1222396488422240262,1,2,2,covid
1222450559929737217,1,2,2,covid
1155502025238429698,0,0,0,tech
1250966378573639680,0,0,0,tech
1034889856822992898,1,2,2,climate
1222866073180987394,1,2,2,covid
1172113277033357313,0,0,0,tech
1236902548260491265,0,0,0,tech
1222517642839437313,1,2,1,covid
1227961554475397120,0,0,0,tech
1167240611264704517,0,0,0,tech
1222944955385016320,1,2,2,covid
1222706528265760769,0,0,0,covid
1033935621708963840,0,0,0,climate
1138801092786085888,0,0,0,tech
1222902124238921728,1,1,2,covid
1222729432701394945,1,2,1,covid
1032777299010236417,0,0,0,climate
1173977447815176192,1,1,1,tech
1222738983802720257,1,2,1,covid
1222429312210653184,1,2,2,covid
1222417728792748033,0,0,0,covid
1222417159252578306,1,2,1,covid
1222572795126697985,0,0,0,covid
1033434094011666433,0,0,0,climate
1033191987543863297,0,0,0,climate
1203594833434165248,0,0,0,tech
1222570901792649217,0,0,0,covid
1222443360939433988,1,2,2,covid
1159447900595736576,1,1,1,tech
1033912777822416896,0,0,0,climate
1222586622547357696,1,2,1,covid
1034570600189124608,0,0,0,climate
1181058833881456640,0,0,0,tech
1034206558656159746,1,2,2,climate
1222806127827652608,0,0,0,covid
1168864859691175937,1,2,1,tech
1222429559150141440,1,2,1,covid
1033338201254125568,1,1,1,climate
1184573857132363777,0,0,0,tech
1222961039873961985,1,2,1,covid
1034498287536164864,0,0,0,climate
1035187160394211329,1,1,1,climate
1145085908586127360,0,0,0,tech
1248323409198620674,0,0,0,tech
1172129247478988800,1,1,1,tech
1033412216760852480,1,2,1,climate
1171963397564334081,1,2,2,tech
1222402182454050819,1,2,1,covid
1034502569870032896,0,0,0,climate
1232031962904350723,0,0,0,tech
1033534165889646592,1,2,1,climate
1125068067346747393,0,0,0,tech
1034793947959316487,0,0,0,climate
1033873526212702208,0,0,0,climate
1034635585900748800,0,0,0,climate
1222832430756892679,0,0,0,covid
1222501451928203266,1,2,1,covid
1222819299494170624,1,2,1,covid
1222568979899633665,1,2,1,covid
1035215911526047744,0,0,0,climate
1168839805934997504,0,0,0,tech
1033326900574347264,0,0,0,climate
1033421081468657669,0,0,0,climate
1222930983135170561,0,0,0,covid
1222827973637656577,1,2,2,covid
1222705588309643264,0,0,0,covid
1196896219576094721,0,0,0,tech
1033005651033776129,0,0,0,climate
1210135892523995136,0,0,0,tech
1131171131971522562,0,0,0,tech
1222814386923941888,1,2,1,covid
1217863540083765255,1,2,2,tech
1034395977111793664,0,0,0,climate
1232299697911582721,0,0,0,tech
1222811711251501056,1,1,2,covid
1034209351253209088,1,1,1,climate
1222897944111640582,1,2,1,covid
1034983041150668801,1,2,2,climate
1034713874539442176,0,0,0,climate
1222519858014949378,0,0,0,covid
1136133480151171072,0,0,0,tech
1220339875511226369,0,0,0,tech
1200934134140424192,0,0,0,tech
1032800212643966976,1,1,2,climate
1160598360425938944,0,0,0,tech
1222250830402932743,0,0,0,tech
1035060580892069889,1,1,1,climate
1222813155752960001,1,2,1,covid
1222394906708205568,1,2,2,covid
1196273018567217152,0,0,0,tech
1035051278748057601,0,0,0,climate
1189251135858728962,1,2,1,tech
1127935776149233664,0,0,0,tech
1033532319238430721,0,0,0,climate
1035276510146506758,0,0,0,climate
1139800994563481601,1,2,2,tech
1222412861424619522,0,0,0,covid
1143858708004388866,1,2,2,tech
1033874808570871808,1,1,2,climate
1136896809920487425,0,0,0,tech
1137477990638448640,0,0,0,tech
1222770571462750213,1,2,1,covid
1169476936860667904,0,0,0,tech
1123920183356207105,0,0,0,tech
1158845757954371584,0,0,0,tech
1222924239814053888,0,0,0,covid
1035370742614056960,1,1,2,climate
1033232217483436033,0,0,0,climate
1146795806214590464,0,0,0,tech
1222428036487761920,0,0,0,covid
1162017861340188672,0,0,0,tech
1035281032289902593,0,0,0,climate
1222803056284315648,1,2,2,covid
1200474643582406656,0,0,0,tech
1143908751541460992,1,2,1,tech
1222629611928014848,1,2,1,covid
1222464698676924416,1,2,2,covid
1226487634081517568,0,0,0,tech
1034465744682213377,1,2,1,climate
1034863450839834625,0,0,0,climate
1032967926431854592,0,0,0,climate
1222563370383093768,1,2,1,covid
1242499641259720704,0,0,0,tech
1033053094463070210,0,0,0,climate
1033218820784062466,0,0,0,climate
1222440653277122560,0,0,0,covid
1152567891482632192,1,1,2,tech
1034631998176813056,1,2,1,climate
1032727209914462208,1,2,1,climate
1035285748482592768,0,0,0,climate
1255111850481659910,0,0,0,tech
1169668530263883776,1,1,1,tech
1230906115229134851,0,0,0,tech
1035201753980067840,0,0,0,climate
1211554829723561989,0,0,0,tech
1035259947251113984,0,0,0,climate
1211054004903563265,0,0,0,tech
1168931924896833538,0,0,0,tech
1233300853106380802,0,0,0,tech
1222611007110926336,0,0,0,covid
1186086251482537984,0,0,0,tech
1227857438134505472,0,0,0,tech
1222626529257181184,0,0,0,covid
1254733901731377152,0,0,0,tech
1222435873775591426,0,0,0,covid
1034493871353409536,0,0,0,climate
1222933417257467911,0,0,0,covid
1218059138237784064,0,0,0,tech
1034763032583385089,1,1,1,climate
1032894053636087808,0,0,0,climate
1222532383053897728,1,2,1,covid
1222782975349329920,1,2,2,covid
1034429937523015680,1,2,2,climate
1223119066904199168,0,0,0,tech
1222496426665615361,0,0,0,covid
1033746448779624449,0,0,0,climate
1222870878423343106,1,2,2,covid
1034111716118933504,0,0,0,climate
1032845765964529664,1,1,2,climate
1125536785302474757,0,0,0,tech
1035225726834757632,1,1,1,climate
1222421392936882176,0,0,0,covid
1032993272266989568,0,0,0,climate
1222577625517916161,1,1,1,covid
1141453807982972928,1,1,2,tech
1222869250018287616,0,0,0,covid
1215962171089268736,1,1,2,tech
1222896530299817986,1,2,2,covid
1034144528708640771,0,0,0,climate
1152262967628636160,0,0,0,tech
1035285784373420032,1,2,1,climate
1172074664543150080,0,0,0,tech
1222877031693553664,1,2,2,covid
1033029963455361024,1,2,1,climate
1236240775006089217,0,0,0,tech
1034025497900896256,1,2,1,climate
1034040402553331712,0,0,0,climate
1222842947768606723,1,2,1,covid
1034257837466296320,0,0,0,climate
1127838933553823744,0,0,0,tech
1222934890787692547,1,2,2,covid
1125194437527654400,0,0,0,tech
1032708374637568002,0,0,0,climate
1172179363183431684,1,2,1,tech
1222553374828220418,1,2,2,covid
1034071814631243777,0,0,0,climate
1169622363551358976,1,2,1,tech
1159411330459283457,0,0,0,tech
1034859149119483904,0,0,0,climate
1034506933628272640,0,0,0,climate
1032748323483136001,0,0,0,climate
1222851560117538816,0,0,0,covid
1034766011877056513,0,0,0,climate
1142364960808427525,0,0,0,tech
1035272485309218818,1,2,1,climate
1034852437977456642,1,1,2,climate
1146615644051398656,0,0,0,tech
1032984775122997248,1,2,2,climate
1207573355404152832,1,1,1,tech
1222952661273759746,0,0,0,covid
1129642898671198208,0,0,0,tech
1034990633776291841,0,0,0,climate
1034819434387570689,1,1,2,climate
1199198091368230912,0,0,0,tech
1217387859407200256,0,0,0,tech
1249472274639417344,0,0,0,tech
1033788937733472257,0,0,0,climate
1222378720008208385,0,0,0,covid
1222902620559462401,1,2,1,covid
1222708974945849344,0,0,0,covid
1222974338309197824,1,2,1,covid
1222650086695501825,1,2,1,covid
1222450946124517376,1,2,1,covid
1154338042968100864,1,1,2,tech
1032898260531261440,0,0,0,climate
1222849902239195137,1,2,1,covid
1214618877847638017,0,0,0,tech
1222635825571291136,0,0,0,covid
1222967706850217984,1,1,2,covid
1032658773037514754,1,1,2,climate
1222863549346783232,1,2,2,covid
1034224822941712386,1,1,2,climate
1222962024218365953,1,2,2,covid
1222681474089906177,0,0,0,covid
1222545130433007619,1,2,2,covid
1222718221230518275,1,2,2,covid
1205856735086424073,1,2,2,tech
1229451694209163265,0,0,0,tech
1199566007309864960,1,1,2,tech
1222399083857489921,0,0,0,covid
1250882331084283909,0,0,0,tech
1255829688817053696,0,0,0,tech
1222627201440526339,0,0,0,covid
1034626706739527681,0,0,0,climate
1034974788333096960,1,2,1,climate
1160686088505053184,0,0,0,tech
1034715681386885120,1,2,2,climate
1156690035707654144,0,0,0,tech
1222944917690949633,1,2,1,covid
1033325104518909952,1,1,2,climate
1033882792126341120,1,1,2,climate
1034063453705707521,1,2,1,climate
1222578175525490688,0,0,0,covid
1248676311750651909,0,0,0,tech
1241909376845316101,1,1,1,tech
1222580707446444033,0,0,0,covid
1158658761088806914,0,0,0,tech
1136915319384096768,0,0,0,tech
1222845593523032068,1,2,2,covid
1033896045221240832,1,1,2,climate
1033391096791937024,0,0,0,climate
1035188444757024769,0,0,0,climate
1222924849858871296,1,2,1,covid
1034710040471580674,1,1,2,climate
1222824038998904834,1,2,1,covid
1149785767692161026,0,0,0,tech
1034597288767676416,1,2,2,climate
1034495675742871552,0,0,0,climate
1127468454951284736,0,0,0,tech
1222399735136317440,1,2,1,covid
1191872294836199425,0,0,0,tech
1255539275229257733,0,0,0,tech
1222406016886697984,1,2,2,covid
1033926901038034944,0,0,0,climate
1163550162763100160,0,0,0,tech
1222862880518950914,0,0,0,covid
1182357856965677056,0,0,0,tech
1144954189543428096,0,0,0,tech
1142586727904632832,0,0,0,tech
1035156553027006464,0,0,0,climate
1130449682310848512,1,1,1,tech
1033161573131378690,0,0,0,climate
1222613660796764161,1,2,2,covid
1222499799230025731,1,2,2,covid
1033283434851061760,1,1,2,climate
1034237355534602240,0,0,0,climate
1171167732504682497,1,1,1,tech
1167098852173705222,1,1,1,tech
1124367850943254529,0,0,0,tech
1233830929254273025,0,0,0,tech
1034480794557980672,0,0,0,climate
1211587732398641153,0,0,0,tech
1222666311379095552,1,2,2,covid
1167107302052237312,0,0,0,tech
1033374747940282370,1,2,2,climate
1179359138293456899,0,0,0,tech
1222928285350449155,1,2,2,covid
1222683983911124992,0,0,0,covid
1168613495027523584,1,2,2,tech
1222395560461619203,0,0,0,covid
1032922533681610754,0,0,0,climate
1222766902063185922,1,2,1,covid
1179976605738782720,0,0,0,tech
1222718809837932549,1,2,1,covid
1035297895845527552,1,1,1,climate
1217198211221336073,0,0,0,tech
1222472899455528961,1,2,1,covid
1222699689512001537,0,0,0,covid
1148873074542088192,0,0,0,tech
1248925906388676610,1,1,2,tech
1144517172410163200,0,0,0,tech
1035351568579796992,0,0,0,climate
1035170583036801024,1,1,2,climate
1222710660016103425,0,0,0,covid
1141333834111209472,1,2,2,tech
1218569257891631104,0,0,0,tech
1222487814341898243,1,2,2,covid
1222804087814619136,1,2,1,covid
1035306343501049856,1,2,2,climate
1233348630435598338,1,1,1,tech
1032905371856371712,0,0,0,climate
1149001428498833408,0,0,0,tech
1197165024143388672,0,0,0,tech
1222792156680769536,1,2,1,covid
1222774997057449984,0,0,0,covid
1222694189193842688,0,0,0,covid
1181617854887665666,1,1,1,tech
1204587023878590465,0,0,0,tech
1033089508840013824,0,0,0,climate
1215980701251723264,0,0,0,tech
1222888508332875776,1,1,1,covid
1222901359072006144,1,2,1,covid
1033552952303263744,0,0,0,climate
1033993315715309569,0,0,0,climate
1222822214749294592,1,2,1,covid
1189135790850236416,0,0,0,tech
1145858398199648256,0,0,0,tech
1245721483294281730,1,1,1,tech
1222791109052698625,0,0,0,covid
1202413541275373568,1,1,1,tech
1222878270775013376,0,0,0,covid
1034694241342185472,0,0,0,climate
1222767871459237890,0,0,0,covid
1222569801421402117,1,2,2,covid
1194086930662772737,1,1,2,tech
1222563066761474050,1,2,1,covid
1033113104807153664,0,0,0,climate
1204030470624813056,0,0,0,tech
1222436727572164609,1,2,2,covid
1222958421504405510,1,2,1,covid
1222718015579590663,1,2,1,covid
1034421787596079105,0,0,0,climate
1153191833016700929,0,0,0,tech
1034113879788466177,1,2,1,climate
1174412705660321792,0,0,0,tech
1178521288312147968,0,0,0,tech
1253468421511151618,0,0,0,tech
1223169044943003648,0,0,0,tech
1222039750862942209,1,1,1,tech
1205233078836183040,1,2,2,tech
1034385629553913856,0,0,0,climate
1213292849048866816,0,0,0,tech
1222452208899260417,1,2,1,covid
1033138418966884352,0,0,0,climate
1033803489724456960,0,0,0,climate
1034770623610974208,0,0,0,climate
1222804105040543744,0,0,0,covid
1214317886187155456,1,2,1,tech
1179849155394592768,0,0,0,tech
1035131823788109825,0,0,0,climate
1124331606251057153,0,0,0,tech
1035164871304855552,0,0,0,climate
1166816571320406018,1,2,1,tech
1123679091146788864,0,0,0,tech
1033298243113951232,0,0,0,climate
1215772059780964352,0,0,0,tech
1231366444325232642,0,0,0,tech
1143973194451365890,0,0,0,tech
1206536103181897729,0,0,0,tech
1251767283254538241,0,0,0,tech
1222404631696818176,1,2,2,covid
1034765140913057797,0,0,0,climate
1241786791537098754,0,0,0,tech
1034793307606605824,0,0,0,climate
1222961710224379904,0,0,0,covid
1222429562362970112,1,2,2,covid
1034850724897800192,0,0,0,climate
1034181842495098880,0,0,0,climate
1033074749839167489,0,0,0,climate
1222975900049977344,0,0,0,covid
1222721602518839298,0,0,0,covid
1160562008401596416,0,0,0,tech
1251167925450334210,0,0,0,tech
1033085057550954497,0,0,0,climate
1214539343462903808,0,0,0,tech
1145935295969468416,0,0,0,tech
1033494246152695809,1,1,2,climate
1221460248084516864,0,0,0,tech
1222534268250882048,1,2,1,covid
1035127544918491136,1,2,1,climate
1248499787034275843,0,0,0,tech
1224520962701512705,0,0,0,tech
1238041388845084673,1,1,1,tech
1222507957729935361,1,2,1,covid
1034147041654571009,1,2,2,climate
1033409925509050368,1,2,2,climate
1173649365178732550,0,0,0,tech
1244967439726776322,0,0,0,tech
1154814929024823298,0,0,0,tech
1126413255470194689,0,0,0,tech
1252015069673684996,1,2,1,tech
1222420718652137473,1,2,1,covid
1034430603997995008,1,1,2,climate
1227286204392960001,1,2,2,tech
1246325000275210242,0,0,0,tech
1222511481377284096,1,2,1,covid
1184092234205089793,0,0,0,tech
1200097067026309122,0,0,0,tech
1222571959441076224,1,2,1,covid
1035264195887947776,1,1,2,climate
1035141177492824064,1,1,1,climate
1156592582023008256,1,1,2,tech
1222818615587557376,1,2,2,covid
1184857724036796416,0,0,0,tech
1222878721947971587,0,0,0,covid
1034469977607299072,0,0,0,climate
1222886847484809216,1,2,1,covid
1205199897114423296,0,0,0,tech
1201792087924064257,0,0,0,tech
1214847240935759873,1,2,1,tech
1034850331954274304,0,0,0,climate
1035081209607385088,1,2,2,climate
1222472863472549889,1,2,2,covid
1032980391299182592,1,2,1,climate
1222560632769273856,1,2,1,covid
1034573677738700800,0,0,0,climate
1176987410384601089,0,0,0,tech
1032645493296439296,0,0,0,climate
1159793217635676160,1,2,1,tech
1032626519494086656,1,2,2,climate
1034797348088569856,1,2,1,climate
1222640848959102978,0,0,0,covid
1254165283922759686,0,0,0,tech
1034521033431080960,0,0,0,climate
1138900718356533248,0,0,0,tech
1222471048949460994,0,0,0,covid
1203600067934007297,0,0,0,tech
1255062336739540997,0,0,0,tech
1222587714232516608,1,2,2,covid
1130922300696682496,1,2,1,tech
1199449435027185664,0,0,0,tech
1153324344753491968,0,0,0,tech
1222723114145992704,0,0,0,covid
1222827671492743168,0,0,0,covid
1222955149808697344,1,2,1,covid
1222684208226881539,1,2,1,covid
1211934284195385345,0,0,0,tech
1243895874738163713,0,0,0,tech
1158363945645723648,1,2,1,tech
1222816356266991616,0,0,0,covid
1222540266843901953,1,2,2,covid
1210978758825525249,0,0,0,tech
1209376203028733953,0,0,0,tech
1238595573990576128,0,0,0,tech
1243660337259270145,0,0,0,tech
1225529599695695872,0,0,0,tech
1154710211954925573,0,0,0,tech
1222689777180278784,1,2,2,covid
1126958741818150913,0,0,0,tech
1227898887375065092,0,0,0,tech
1034486626888638464,1,2,1,climate
1222893522262487046,0,0,0,covid
1222830056424247296,0,0,0,covid
1222732809527156736,1,2,1,covid
1162227314857398272,0,0,0,tech
1222922371197104128,0,0,0,covid
1222631033763434497,1,2,1,covid
1255519797242064896,1,2,1,tech
1033724937549242370,1,1,2,climate
1222843677640478721,1,2,2,covid
1034485996673556486,0,0,0,climate
1035332874377945089,1,2,1,climate
1168161339002540032,1,1,2,tech
1222845881306750976,1,2,1,covid
1231405740742631425,0,0,0,tech
1222721570046652417,0,0,0,covid
1034849054730137604,1,1,2,climate
1222784411462197249,0,0,0,covid
1222427493556269056,0,0,0,covid
1222412414894739456,0,0,0,covid
1032931282970263552,0,0,0,climate
1222635041601310722,0,0,0,covid
1222684865406988290,0,0,0,covid
1222464040212975616,1,2,1,covid
1144198872530673664,0,0,0,tech
1222718027986276352,1,2,2,covid
1033280801805348864,1,2,2,climate
1182669081696198658,0,0,0,tech
1032734062853742592,0,0,0,climate
1222599815961309184,1,2,1,covid
1222564673117179907,0,0,0,covid
1034443948465504256,0,0,0,climate
1222814960180285440,1,2,2,covid
1190308785186918401,0,0,0,tech
1244655483618803721,0,0,0,tech
1033833033193992193,0,0,0,climate
1222409611640287234,1,2,1,covid
1222863170756235268,1,2,2,covid
1157854404814364673,0,0,0,tech
1222893730694230020,0,0,0,covid
1128238537512325120,1,2,2,tech
1222851586562633729,0,0,0,covid
1200514712758374400,0,0,0,tech
1222641503081766915,1,2,1,covid
1034754852193271808,1,1,2,climate
1186629641320226816,0,0,0,tech
1145633180738703360,1,1,2,tech
1200686813452656640,0,0,0,tech
1184210077374472193,0,0,0,tech
1035208081003765760,0,0,0,climate
1222794036823515136,1,2,1,covid
1222419429104865282,1,2,1,covid
1161911416682455042,1,2,1,tech
1033596210001530880,0,0,0,climate
1254325141317746688,0,0,0,tech
1032728464040906752,0,0,0,climate
1149817142918782979,0,0,0,tech
1151098010211893249,0,0,0,tech
1034109405720190976,0,0,0,climate
1222901474675478529,0,0,0,covid
1166874673197371392,0,0,0,tech
1176560703257350145,1,2,1,tech
1255488010990346244,0,0,0,tech
1034265765720059911,1,2,2,climate
1201443212944166913,0,0,0,tech
1034718102045515776,0,0,0,climate
1033986528928772096,0,0,0,climate
1139287710282260480,0,0,0,tech
1033923848595533824,0,0,0,climate
1252335389228089344,0,0,0,tech
1222431716012326912,1,2,2,covid
1233630831614275584,0,0,0,tech
1194762140927889409,0,0,0,tech
1035326096764485632,0,0,0,climate
1034927253300424706,1,1,2,climate
1032614846867460096,0,0,0,climate
1192436302894911488,0,0,0,tech
1034045788337238016,0,0,0,climate
1222867167403745284,1,2,1,covid
1034934285797654528,0,0,0,climate
1222918766729793536,1,2,2,covid
1033222574598025221,0,0,0,climate
1198664504600616964,0,0,0,tech
1197751058749120512,1,2,2,tech
1222370511159799808,0,0,0,covid
1143144498349977601,0,0,0,tech
1032978450645168131,0,0,0,climate
1034602485225336832,1,1,2,climate
1222524698577248256,0,0,0,covid
1222847441411747841,1,2,1,covid
1252668053969612800,0,0,0,tech
1222843217030406146,1,2,2,covid
1222500679387881473,0,0,0,covid
1222752026859360256,0,0,0,covid
1222399325713489920,0,0,0,covid
1222398822640488448,0,0,0,covid
1217710638564347904,1,1,2,tech
1132190859552673794,1,2,2,tech
1183482503476191233,1,1,1,tech
1222550505576112128,0,0,0,covid
1248659127687098369,0,0,0,tech
1144395905472356357,0,0,0,tech
1195280326228090880,0,0,0,tech
1222614048824578048,1,2,1,covid
1222563873963880448,0,0,0,covid
1222559411392143361,0,0,0,covid
1033312552531283968,0,0,0,climate
1222903569319256065,0,0,0,covid
1200004930305699840,0,0,0,tech
1033967029324115969,1,2,2,climate
1222707866680709121,0,0,0,covid
1222474130752180225,0,0,0,covid
1222575648889196545,1,2,2,covid
1253307989366321155,0,0,0,tech
1124515157412057095,1,2,1,tech
1239533387347607552,0,0,0,tech
1139345855633223680,0,0,0,tech
1222640821163495427,0,0,0,covid
1033009859812306944,0,0,0,climate
1155447293740486657,0,0,0,tech
1150132557985529856,0,0,0,tech
1035111201057980416,0,0,0,climate
1033728071210360834,0,0,0,climate
1193723950334795777,0,0,0,tech
1222919555128758273,1,2,1,covid
1247754579875250182,0,0,0,tech
1222512069683052552,0,0,0,covid
1223985811441381376,0,0,0,tech
1222647895746400258,1,2,1,covid
1035349750374051841,1,2,2,climate
1199508138107555840,0,0,0,tech
1222719491970232320,0,0,0,covid
1222704127819411456,0,0,0,covid
1222785818030432257,0,0,0,covid
1138080899688361985,0,0,0,tech
1222984773741707264,0,0,0,tech
1205903742412955648,0,0,0,tech
1222482052924297217,1,2,1,covid
1155163605408632832,0,0,0,tech
1222634981803077633,1,2,1,covid
1187363601125761025,0,0,0,tech
1222513710985437185,1,2,1,covid
1035277842773422085,1,1,1,climate
1222874134847328256,0,0,0,covid
1222918495479959554,0,0,0,covid
1222568831681318912,0,0,0,covid
1222390529780002818,1,2,2,covid
1034086372766883841,1,1,2,climate
1032876685878673409,0,0,0,climate
1205651149703045120,0,0,0,tech
1222808164048834562,1,2,2,covid
1222485990205353984,1,2,2,covid
1033873653388267521,1,2,2,climate
1222836168196349954,1,1,2,covid
1137932400166604802,1,1,1,tech
1034516594356043777,0,0,0,climate
1034660092317073408,0,0,0,climate
1222642436159098883,1,2,2,covid
1175418893713588225,0,0,0,tech
1034465880250490880,0,0,0,climate
1222716154986352640,1,2,1,covid
1035299443908780033,0,0,0,climate
1033735246599139329,0,0,0,climate
1032930230330171392,1,1,2,climate
1034867285289254912,0,0,0,climate
1222521242550292480,1,2,2,covid
1228686400741994496,0,0,0,tech
1191388972859174912,0,0,0,tech
1222467172829728768,1,2,2,covid
1166012946880847872,0,0,0,tech
1034806079136382984,0,0,0,climate
1235187778209468418,1,2,1,tech
1207950538765152256,0,0,0,tech
1222554725532360705,0,0,0,covid
1148833963412090880,0,0,0,tech
1138192434612047872,1,2,1,tech
1034085638998355968,1,1,1,climate
1034560520014032896,0,0,0,climate
1208792054257635328,0,0,0,tech
1164281065600630785,0,0,0,tech
1251747369181380609,0,0,0,tech
1220798577309552642,1,2,1,tech
1032682571505852417,0,0,0,climate
1033017074883407876,0,0,0,climate
1034980245533683712,0,0,0,climate
1033297961566883840,0,0,0,climate
1033045257292791808,0,0,0,climate
1222681073013813248,0,0,0,covid
1034399756427161600,0,0,0,climate
1178995018209665025,0,0,0,tech
1226617500965752833,0,0,0,tech
1252326277479952384,1,2,1,tech
1222853992700497920,1,2,1,covid
1222461178577702912,0,0,0,covid
1215970500708450304,1,1,1,tech
1222499266331140098,1,2,2,covid
1222724364409372672,0,0,0,covid
1198152975656476672,1,2,2,tech
1146101440991117312,0,0,0,tech
1158817135931486208,0,0,0,tech
1222596436652699651,1,2,1,covid
1032726778241003522,0,0,0,climate
1222667809047531521,1,2,2,covid
1035126808549576704,0,0,0,climate
1032885422588751873,0,0,0,climate
1222672852014583808,1,2,1,covid
1222544563706814464,1,2,1,covid
1222862597084475392,1,2,1,covid
1222838066303262720,1,2,2,covid
1133501629880254465,0,0,0,tech
1034175814651322368,0,0,0,climate
1171744295503745030,0,0,0,tech
1222519620495605761,1,2,1,covid
1142030034044985346,0,0,0,tech
1034428481210183681,1,1,1,climate
1035135190266339329,0,0,0,climate
1034212799701020672,0,0,0,climate
1249818408146829314,0,0,0,tech
1222972205551816706,1,2,1,covid
1034467868174249985,0,0,0,climate
1222392076282867712,1,2,1,covid
1222393356866785286,1,2,1,covid
1222743808963534849,1,2,2,covid
1033202505356730368,0,0,0,climate
1139031027454660609,0,0,0,tech
1139359982040670208,0,0,0,tech
1034482888450826240,1,1,2,climate
1146732729603465216,0,0,0,tech
1156492035232337920,0,0,0,tech
1222741543573835776,1,2,2,covid
1032976026014380032,1,1,2,climate
1222539785769603073,1,2,2,covid
1222702196342558720,1,2,1,covid
1128726788954296320,0,0,0,tech
1032956906724384770,0,0,0,climate
1222557370611568641,1,2,1,covid
1035165023763607553,0,0,0,climate
1222965390843764736,1,2,1,covid
1222560224424292353,0,0,0,covid
1033395493252952064,0,0,0,climate
1222702633854623745,1,2,2,covid
1222448981940363266,0,0,0,covid
1231038391015395328,0,0,0,tech
1135709146605445120,1,2,2,tech
1201176636525338624,0,0,0,tech
1034035321883639809,1,2,1,climate
1032712795719065600,0,0,0,climate
1033723789669003266,0,0,0,climate
1171204215030591489,1,1,1,tech
1222427685000896513,0,0,0,covid
1222771532176543746,1,2,2,covid
1033985469799837696,0,0,0,climate
1032643663963283458,1,1,1,climate
1033359853446725633,0,0,0,climate
1222435097623711744,1,2,1,covid
1034457297827840000,0,0,0,climate
1034779914287951873,0,0,0,climate
1222846253190434819,1,2,2,covid
1197417223440220161,1,2,2,tech
1222912089494294530,0,0,0,covid
1227344547153432578,0,0,0,tech
1035271957976162310,1,1,2,climate
1034970483081396224,0,0,0,climate
1034479721864720384,1,2,1,climate
1186020061116534784,1,2,2,tech
1033230356500033536,0,0,0,climate
1222425289650835462,1,2,1,covid
1171435921876455430,1,1,1,tech
1239001130262290435,1,1,2,tech
1222574813060853760,1,2,1,covid
1035197379169972224,0,0,0,climate
1035219667277828101,0,0,0,climate
1236118054104416256,0,0,0,tech
1222436571695271936,1,2,1,covid
1222107956432515072,0,0,0,tech
1128739362584375296,0,0,0,tech
1222860347608064000,1,2,2,covid
1170090295037284352,0,0,0,tech
1035272494586966016,0,0,0,climate
1034425468739612678,0,0,0,climate
1250290553075290113,0,0,0,tech
1222434043158908928,1,2,2,covid
1222529997602205702,1,2,2,covid
1222960078342455301,1,2,1,covid
1222542104997572609,1,2,1,covid
1222807960419807233,1,2,1,covid
1222708903726604288,1,2,1,covid
1222585668460863489,0,0,0,covid
1222817655343603712,1,2,2,covid
1035045775590473728,0,0,0,climate
1164322581576597509,1,1,2,tech
1034920769363406848,0,0,0,climate
1197990296128237568,0,0,0,tech
1253365524936851457,1,1,2,tech
1222545755505930245,1,1,2,covid
1033377701166374912,1,1,1,climate
1222634660666073088,1,2,1,covid
1222712750213713921,0,0,0,covid
1034704463578247171,1,2,1,climate
1133628469831766016,0,0,0,tech
1222463346722496512,0,0,0,covid
1154191871469428736,0,0,0,tech
1222838505954369536,1,2,1,covid
1151142557923127296,0,0,0,tech
1034823346796613632,0,0,0,climate
1222599011401699330,0,0,0,covid
1035267261366513665,1,2,2,climate
1222450589898100736,1,2,1,covid
1035028536682196992,0,0,0,climate
1197609196730167297,0,0,0,tech
1222961764939124736,1,2,1,covid
1224608191142645760,0,0,0,tech
1222425038546059265,1,2,1,covid
1240657820137263122,0,0,0,tech
1222695814557888512,0,0,0,covid
1215923610528948224,0,0,0,tech
1032670315103637505,0,0,0,climate
1222682010218446851,1,2,2,covid
1034928445627592705,1,2,2,climate
1033118771114856449,0,0,0,climate
1035098137235468289,1,1,2,climate
1177622079891365888,0,0,0,tech
1251657841120854017,0,0,0,tech
1254436788497719298,1,1,2,tech
1222854109113405443,1,2,2,covid
1222844482535616512,0,0,0,covid
1187438957442846720,0,0,0,tech
1032637902604443648,0,0,0,climate
1222956786753273857,0,0,0,covid
1222387648280424448,0,0,0,covid
1222855933488959489,1,2,1,covid
1222586306716479489,0,0,0,covid
1034938848319610881,1,1,2,climate
1035161059387236353,1,1,2,climate
1034909052583768064,0,0,0,climate
1222670763771088896,1,2,2,covid
1232112184311894018,0,0,0,tech
1195153356265791488,0,0,0,tech
1192030050859663361,0,0,0,tech
1222435947666722817,1,2,2,covid
1222817108154900480,1,2,1,covid
1222457527385784320,0,0,0,covid
1221729303228043264,0,0,0,tech
1222809001643204608,1,2,1,covid
1222390747204182016,1,2,2,covid
1248362887585955841,0,0,0,tech
1222406251566575617,0,0,0,covid
1033703594300768256,1,2,1,climate
1034785146627649537,0,0,0,climate
1222507291297177600,1,2,2,covid
1222948739779833858,0,0,0,covid
1222818911101620225,1,2,1,covid
1035127239493337088,0,0,0,climate
1222516883787800576,1,2,1,covid
1035232210603974656,1,1,2,climate
1222935469610192897,0,0,0,tech
1034770054305525760,1,1,1,climate
1169356000962461701,0,0,0,tech
1222436354119864322,1,2,1,covid
1222421348225552384,1,2,1,covid
1222757121047060482,0,0,0,covid
1222560630659526656,1,2,1,covid
1034746451367100416,0,0,0,climate
1249132992393601024,0,0,0,tech
1222780814024421376,0,0,0,covid
1034803022474432512,0,0,0,climate
1186632804228042752,0,0,0,tech
1033709472647204864,0,0,0,climate
1035149948101304322,0,0,0,climate
1137644016776896515,0,0,0,tech
1248450953910468610,0,0,0,tech
1034785431789940736,1,1,2,climate
1222802391231270913,1,2,1,covid
1232235550230433792,1,1,2,tech
1197327534850920448,0,0,0,tech
1034365831663083520,0,0,0,climate
1033540543844950017,0,0,0,climate
1211741095949983744,0,0,0,tech
1222885416803717121,1,2,1,covid
1222507589348593665,0,0,0,covid
1222369282694270976,1,2,1,covid
1198887826575806465,0,0,0,tech
1222634570639605761,1,2,1,covid
1194293800757342208,0,0,0,tech
1034917552915394560,0,0,0,climate
1137377257284988929,1,1,1,tech
1035040102295261184,0,0,0,climate
1222752710304333825,1,1,2,covid
1162802181180968960,0,0,0,tech
1035137775190728704,0,0,0,climate
1222369258996412418,0,0,0,covid
1229478561783918595,0,0,0,tech
1205326509017305088,1,1,2,tech
1215313458763304961,0,0,0,tech
1222632166020059137,0,0,0,covid
1033256403266228224,0,0,0,climate
1222496774818058241,0,0,0,tech
1200093155837829122,0,0,0,tech
1155850239640838144,0,0,0,tech
1222486017766297600,1,2,1,covid
1222664504971911168,0,0,0,covid
1222549039981498369,1,2,2,covid
1157407170373312512,0,0,0,tech
1167691124892471297,1,2,2,tech
1222911408456814592,0,0,0,covid
1134562839115587584,0,0,0,tech
1185530285003292675,0,0,0,tech
1203997528594755584,0,0,0,tech
1222847023206076418,1,2,1,covid
1034235490570891264,0,0,0,climate
1222541481430278144,1,2,2,covid
1034350115321008129,0,0,0,climate
1033355864550330368,1,1,2,climate
1033001482768003072,0,0,0,climate
1201208165423099905,0,0,0,tech
1222677998165467136,0,0,0,covid
1197124623005048833,0,0,0,tech
1181440555135492096,0,0,0,tech
1222629936328007682,1,2,2,covid
1033770103458996226,0,0,0,climate
1200565719668338688,0,0,0,tech
1222914016814628864,1,2,2,covid
1034027296053592064,1,1,1,climate
1222761358392823810,1,2,1,covid
1034826785320566784,0,0,0,climate
1222473471625531394,0,0,0,covid
1033155203141382144,0,0,0,climate
1222946640585220097,0,0,0,covid
1222434982590849025,1,1,1,covid
1235216724250763264,0,0,0,tech
1184103391036952577,0,0,0,tech
1199288537352429568,1,1,1,tech
1222913007073800194,0,0,0,covid
1175828753521532931,0,0,0,tech
1170780754839777280,0,0,0,tech
1236354314806886400,0,0,0,tech
1033886816263274497,1,1,2,climate
1222541315415646217,0,0,0,covid
1033909309480955904,1,2,2,climate
1034406470924886016,0,0,0,climate
1168818126743592961,1,1,1,tech
1032831908454051840,0,0,0,climate
1251328340809547776,0,0,0,tech
1222883681125179400,1,2,2,covid
1222499353807478784,0,0,0,covid
1034650481564508160,0,0,0,climate
1032956956368093190,0,0,0,climate
1033006945353920512,1,2,1,climate
1035248451230081025,0,0,0,climate
1222519112401854464,0,0,0,covid
1222868051101716483,1,2,1,covid
1219586206519963648,0,0,0,tech
1222968807754432515,0,0,0,covid
1156855762003476482,0,0,0,tech
1193889536943775747,1,2,2,tech
1034472392821796875,0,0,0,climate
1222702633699487747,0,0,0,covid
1156934614243524608,0,0,0,tech
1167957497493110786,0,0,0,tech
1195367347235762176,1,2,1,tech
1033049048108822530,0,0,0,climate
1222687142213607424,1,2,1,covid
1222544591708217344,1,2,1,covid
1222897206757228544,1,2,1,covid
1207603822895517698,1,1,2,tech
1142348493765435394,0,0,0,tech
1222598218153938944,1,2,2,covid
1033070136515813376,1,2,2,climate
1222770789033947140,0,0,0,covid
1035364326943510529,1,1,2,climate
1222786500821233666,0,0,0,covid
1034518630208290817,1,1,2,climate
1235967427013423104,0,0,0,tech
1222432579212599297,1,2,1,covid
1163337891084476416,1,1,2,tech
1032799170489344002,1,1,1,climate
1199282157811748865,0,0,0,tech
1222550007703842816,0,0,0,covid
1222392833258049537,1,2,2,covid
1222525309800669184,0,0,0,covid
1156740551196205058,0,0,0,tech
1124263584165519360,0,0,0,tech
1032767716380139520,0,0,0,climate
1228244370656198656,0,0,0,tech
1033557163656994816,0,0,0,climate
1199377200740352001,1,1,1,tech
1032713561045430273,1,1,2,climate
1034428250645250050,0,0,0,climate
1252575336757411842,0,0,0,tech
1222527540025331713,1,2,1,covid
1033279618919358466,0,0,0,climate
1033490618314502146,0,0,0,climate
1248634985281548288,1,1,1,tech
1233069298194812928,1,2,1,tech
1032939549146591233,0,0,0,climate
1223968367318568960,0,0,0,tech
1222879599798996992,1,2,2,covid
1035361979899117568,0,0,0,climate
1222894244958023680,1,2,1,covid
1169944415709908992,1,2,1,tech
1141256419745894406,1,1,2,tech
1198974526576627713,0,0,0,tech
1237536303245168640,0,0,0,tech
1206289871096164352,0,0,0,tech
1222511497101758465,0,0,0,covid
1034861168857309186,0,0,0,climate
1163465906795745280,1,1,2,tech
1034805880179642368,0,0,0,climate
1137708613248671744,0,0,0,tech
1222801119480401920,1,2,1,covid
1222681324927975424,0,0,0,covid
1124214765536997376,0,0,0,tech
1222915947008315392,0,0,0,covid
1222740020706054144,0,0,0,covid
1254199652276031489,0,0,0,tech
1222510573889490946,1,2,1,covid
1138873413429321728,0,0,0,tech
1124443715811127296,1,2,1,tech
1033844066335772672,0,0,0,climate
1221211565808136193,0,0,0,tech
1252655728981991424,0,0,0,tech
1163280997460217856,0,0,0,tech
1034772875314642945,1,2,2,climate
1222738114306666496,1,2,2,covid
1222602566636318720,0,0,0,covid
1222905661870297089,1,2,2,covid
1222601229613903877,1,2,2,covid
1222562660342026240,1,1,2,covid
1154702942525710337,1,1,1,tech
1034718202897608704,0,0,0,climate
1033224733263888385,1,1,2,climate
1222826569368031232,1,2,1,covid
1222411859824906240,1,2,1,covid
1032979004716994561,0,0,0,climate
1204672345958502400,0,0,0,tech
1222562968757366786,0,0,0,covid
1222872375076818944,1,2,1,covid
1034233945791979520,0,0,0,climate
1245841213908905987,0,0,0,tech
1033789964780285954,0,0,0,climate
1222750083617361922,1,2,1,covid
1035361287511977985,1,1,1,climate
1143325773249556480,1,2,1,tech
1226912626128642048,0,0,0,tech
1035191165203537920,0,0,0,climate
1222464176922288128,0,0,0,covid
1186999346195247110,0,0,0,tech
1199601558251593728,0,0,0,tech
1035323378561765377,1,2,2,climate
1190235056675196929,0,0,0,tech
1167723811862720513,1,2,2,tech
1252834441497505792,0,0,0,tech
1222735476488052737,1,2,2,covid
1222814457862283265,1,2,1,covid
1033043855447400454,0,0,0,climate
1226574017672470529,0,0,0,tech
1248018699719606274,1,2,1,tech
1185961370501746690,0,0,0,tech
1033339218091823104,0,0,0,climate
1032931044717027328,0,0,0,climate
1034564596336656384,0,0,0,climate
1034488586119204865,1,2,1,climate
1222680671379841024,1,1,2,covid
1222371311084638208,1,2,1,covid
1222541189817257986,0,0,0,covid
1251098558498922501,0,0,0,tech
1033568801479118848,0,0,0,climate
1162672364095541249,0,0,0,tech
1033005313098768386,0,0,0,climate
1222694557306908672,0,0,0,covid
1034933041024647168,1,1,2,climate
1222712545255075841,0,0,0,covid
1222522720501542912,1,2,1,covid
1034557812297359360,0,0,0,climate
1222430865680146433,1,2,1,covid
1034141679714889728,1,1,2,climate
1222852354669715456,0,0,0,covid
1034659190508216320,0,0,0,climate
1149780840571953157,0,0,0,tech
1034421601192820738,0,0,0,climate
1222954419953618944,0,0,0,covid
1032934050170720258,1,1,1,climate
1035353985161428992,1,1,2,climate
1222505755640770567,1,2,1,covid
1192841562205630464,0,0,0,tech
1033109083744690176,0,0,0,climate
1222945240014839811,0,0,0,covid
1033455270813421571,0,0,0,climate
1222532000747282432,0,0,0,covid
1227730125363535874,0,0,0,tech
1201637907993378818,0,0,0,tech
1173264525170266112,0,0,0,tech
1222440079567835136,1,2,1,covid
1222685021334654976,0,0,0,covid
1032767284706783233,0,0,0,climate
1033557954270621696,1,1,2,climate
1222510046661267457,1,2,1,covid
1033772425584902144,1,2,1,climate
1209413033551749125,0,0,0,tech
1033280971083137024,1,1,2,climate
1222388742062837760,1,2,2,covid
1222519854781124608,1,1,1,covid
1242207759635906560,1,2,2,tech
1155974815586512898,1,1,2,tech
1222946760349405186,1,2,2,covid
1222801006376833024,1,2,1,covid
1157311510873382912,1,2,1,tech
1034031081484378112,1,1,2,climate
1222551675971538944,0,0,0,covid
1233718433302269955,0,0,0,tech
1222804631106940930,1,2,1,covid
1035060200024227840,0,0,0,climate
1034988122545639424,0,0,0,climate
1032878112143548416,0,0,0,climate
1222494600566276096,0,0,0,covid
1171733830698356736,0,0,0,tech
1033301210886033409,0,0,0,climate
1222411907337986049,0,0,0,covid
1133853372581326849,1,1,2,tech
1248140330022645760,0,0,0,tech
1146422711838814208,0,0,0,tech
1135843641153511425,0,0,0,tech
1032673587495428097,1,2,2,climate
1032740372735119360,1,2,2,climate
1240207709976301568,0,0,0,tech
1034382331157442560,0,0,0,climate
1236098277939920896,0,0,0,tech
1222581063429562368,1,2,1,covid
1222616148950147072,0,0,0,covid
1243586207696801792,0,0,0,tech
1033449836014710786,1,2,2,climate
1033190811247276032,0,0,0,climate
1139491088434106369,0,0,0,tech
1222599764002267136,0,0,0,covid
1033096196032610305,0,0,0,climate
1131382478760009729,1,2,1,tech
1033815738904133642,0,0,0,climate
1222461376720850944,0,0,0,covid
1222669048015675393,0,0,0,covid
1248200048665657344,1,2,1,tech
1222851387995803648,0,0,0,covid
1237053111031812096,0,0,0,tech
1033405412857458688,0,0,0,climate
1033176639134285824,1,2,1,climate
1032757469746012160,0,0,0,climate
1034827003608883202,0,0,0,climate
1154052033365725184,0,0,0,tech
1233762105020633089,0,0,0,tech
1222393626405113856,1,2,1,covid
1236996391647526912,0,0,0,tech
1232402995234648065,0,0,0,tech
1125932165252960256,1,2,2,tech
1035140829310935041,1,1,2,climate
1032651202889244673,1,2,1,climate
1222950990636376064,1,2,2,covid
1222385608632365056,1,2,1,covid
1207801846192099328,0,0,0,tech
1035273227470286853,0,0,0,climate
1222726882996686848,1,1,1,covid
1222708320802234369,0,0,0,covid
1137464219711037440,0,0,0,tech
1034213215826112513,0,0,0,climate
1146818507331555333,0,0,0,tech
1213412198413983744,1,1,2,tech
1187082826627330049,1,2,2,tech
1034839004930289665,0,0,0,climate
1222638034312519680,0,0,0,covid
1222811589155356673,1,2,2,covid
1033001289100218368,0,0,0,climate
1033923041233956864,0,0,0,climate
1136117206226493441,0,0,0,tech
1034812966565277698,0,0,0,climate
1035290584141967360,0,0,0,climate
1222463676130529281,0,0,0,covid
1222708533776379904,1,2,2,covid
1222570471591378945,1,2,1,covid
1222546273112395776,1,2,1,covid
1166820765607481344,0,0,0,tech
1246694085584453633,1,1,2,tech
1166507228821676033,0,0,0,tech
1222413496857444353,0,0,0,covid
1247880151125200897,0,0,0,tech
1032654045570326534,1,1,2,climate
1032896932044304384,1,1,1,climate
1222872953756368896,1,2,2,covid
1222458546760978432,0,0,0,covid
1238585762351898624,0,0,0,tech
1222943821689958404,0,0,0,covid
1202513402809192448,1,1,2,tech
1033278594418724864,0,0,0,climate
1033006697961349120,1,2,2,climate
1232717067465510912,0,0,0,tech
1033881270051209216,0,0,0,climate
1222788081067200512,1,2,2,covid
1034783427051106305,0,0,0,climate
1035183016866402304,0,0,0,climate
1034342792649048064,1,1,1,climate
1210249685899841537,1,1,2,tech
1145958942750781440,1,1,2,tech
1196917198410964993,0,0,0,tech
1167390029125226496,0,0,0,tech
1239455541245566977,0,0,0,tech
1034907038655098880,0,0,0,climate
1222555363871903747,1,2,2,covid
1222590177887080452,1,1,2,covid
1141724096050454528,0,0,0,tech
1222628594784120837,1,2,2,covid
1195443394425827333,0,0,0,tech
1034472301293535234,0,0,0,climate
1179474199150129153,0,0,0,tech
1035123755364884480,0,0,0,climate
1222911061038231557,1,2,2,covid
1135888205650092033,0,0,0,tech
1222688387078864896,1,2,1,covid
1222969573814743040,1,2,1,covid
1154394882900922368,0,0,0,tech
1219783040047730689,0,0,0,tech
1033411608712761345,1,1,2,climate
1222848707801960450,1,2,1,covid
1222748270679732225,1,2,1,covid
1222744266658795520,0,0,0,covid
1222618628354387969,0,0,0,covid
1222498391139053568,0,0,0,covid
1222684144632647681,1,2,1,covid
1222541176932225024,1,1,2,covid
1187555634608254981,0,0,0,tech
1215136501089964032,0,0,0,tech
1222407959092678656,0,0,0,covid
1034510619427262464,0,0,0,climate
1222426327438917632,0,0,0,covid
1222541800130244608,0,0,0,covid
1033611131028430848,1,1,2,climate
1034560014986477568,0,0,0,climate
1033333364516765696,0,0,0,climate
1222578291665768449,0,0,0,covid
1217640258973683712,0,0,0,tech
1255803488401002499,0,0,0,tech
1222420119369859073,0,0,0,covid
1034985376723726336,0,0,0,climate
1149285616984776705,1,1,1,tech
1033468137646252038,0,0,0,climate
1210679234135576578,0,0,0,tech
1225413661688311808,0,0,0,tech
1247603824153559043,0,0,0,tech
1154108631320862722,0,0,0,tech
1033015471254032384,0,0,0,climate
1222482223451918336,1,2,2,covid
1033387537480511489,0,0,0,climate
1210662474778849280,0,0,0,tech
1124043684071317504,0,0,0,tech
1218577701256290310,0,0,0,tech
1222680221092122625,0,0,0,covid
1034576511330738176,0,0,0,climate
1222485817718968320,0,0,0,covid
1035283054204342274,1,2,1,climate
1222761379100160000,1,2,2,covid
1222492983150415873,1,2,1,covid
1034173177709060096,0,0,0,climate
1034432017587470337,0,0,0,climate
1228386613593608193,1,1,1,tech
1222744261483016192,1,2,1,covid
1034615667247521792,1,1,2,climate
1033535816251920385,0,0,0,climate
1222800190387576832,1,2,2,covid
1222535514219147264,1,2,1,covid
1222837895133745152,1,2,2,covid
1222794220563386370,0,0,0,covid
1222975418409660416,0,0,0,covid
1222512272381304833,1,2,1,covid
1033810845422247936,0,0,0,climate
1222691804354633728,0,0,0,covid
1222539776722710530,1,2,2,covid
1222956814200905732,1,2,2,covid
1205307925608062977,0,0,0,tech
1032970706722668546,1,2,1,climate
1213619814285168646,0,0,0,tech
1035141596088594433,0,0,0,climate
1222498489910878214,1,2,2,covid
1222906706553798658,1,2,1,covid
1254080880353607684,0,0,0,tech
1151749977032597505,0,0,0,tech
1236677064461336577,0,0,0,tech
1034472994276425733,1,2,2,climate
1033940446207045632,0,0,0,climate
1215286464235307016,0,0,0,tech
1034788933631205376,0,0,0,climate
1222849910573273088,1,2,2,covid
1233376572880670720,0,0,0,tech
1222628619421224961,0,0,0,covid
1032979620021325825,0,0,0,climate
1033763792386174977,1,1,2,climate
1170669394118217728,0,0,0,tech
1222613332357595137,1,2,1,covid
1222367907067416576,0,0,0,covid
1222814516997738496,1,2,1,covid
1168919121368616961,1,2,2,tech
1222927469105352705,0,0,0,covid
1222848368071733250,0,0,0,covid
1234961587926159360,0,0,0,tech
1222640612266082311,1,2,1,covid
1195854248262680580,0,0,0,tech
1222788785546694656,1,2,1,covid
1034425965768830976,0,0,0,climate
1034406778467962880,0,0,0,climate
1163291849961832452,1,2,2,tech
1222954863132336135,0,0,0,covid
1206762866768064512,0,0,0,tech
1234616610490593280,0,0,0,tech
1222926884423589888,1,2,1,covid
1183977794163953664,0,0,0,tech
1147081685449580545,1,2,1,tech
1155340831903010816,0,0,0,tech
1222600453634101254,1,2,1,covid
1222894248757850112,1,2,1,covid
1221807086679576577,0,0,0,tech
1033115584693710848,0,0,0,climate
1034083889109585920,1,2,2,climate
1222778119549046784,1,2,1,covid
1222405243557883904,1,2,1,covid
1151729588516446208,0,0,0,tech
1222840421228994560,0,0,0,covid
1240396504008994816,0,0,0,tech
1233902121008807936,0,0,0,tech
1128918933325660160,0,0,0,tech
1034743490620674048,0,0,0,climate
1216977680467402752,0,0,0,tech
1222651970743414785,0,0,0,covid
1033662862231625728,1,1,1,climate
1222972539443404800,1,2,2,covid
1034032957038710786,0,0,0,climate
1240639165521420288,1,2,1,tech
1034053724090654720,0,0,0,climate
1241689641486442496,0,0,0,tech
1222762194636591105,0,0,0,covid
1032653898048331776,1,1,2,climate
1222430946533576704,1,2,1,covid
1033111783584747521,0,0,0,climate
1177840365031706627,0,0,0,tech
1034653743348895745,0,0,0,climate
1033129412399718401,0,0,0,climate
1032780014553649153,1,1,2,climate
1222816732814835713,1,2,2,covid
1251662837031882758,0,0,0,tech
1034904812977094656,0,0,0,climate
1232621695455784960,0,0,0,tech
1032774148437815297,0,0,0,climate
1223797449438875649,0,0,0,tech
1180482779752087558,0,0,0,tech
1236291258605350913,0,0,0,tech
1139079727027589120,0,0,0,tech
1159011378402856960,0,0,0,tech
1124891638227034118,0,0,0,tech
1222930196132782082,0,0,0,covid
1034183912770228234,0,0,0,climate
1035106425033424897,0,0,0,climate
1222631515999363073,0,0,0,covid
1222501473499668483,0,0,0,covid
1124013231935299584,1,1,2,tech
1222480783673159682,1,2,1,covid
1034172503550251009,0,0,0,climate
1207676936228605952,0,0,0,tech
1033387289324531712,0,0,0,climate
1222948351743799296,1,2,1,covid
1032738857240784896,0,0,0,climate
1034714575491551234,0,0,0,climate
1222579866580680704,0,0,0,covid
1033068668865978368,1,2,1,climate
1222832535698149376,1,2,2,covid
1034855466906669056,1,2,2,climate
1139472716547919872,0,0,0,tech
1222549238573174784,1,2,1,covid
1187589636329132032,1,1,2,tech
1249499783644897281,0,0,0,tech
1034878601475186688,1,2,2,climate
1222579955986419714,0,0,0,covid
1203013710559825921,0,0,0,tech
1152247888203923456,0,0,0,tech
1033407844194897922,0,0,0,climate
1222590821926457349,1,2,2,covid
1222406603694989312,0,0,0,covid
1222802854131400704,1,1,2,covid
1035350690405773312,0,0,0,climate
1034486045629280257,0,0,0,climate
1222964540020789248,1,2,2,covid
1222890603089809409,1,2,2,covid
1193946596284784642,1,1,1,tech
1222783639101919232,1,2,1,covid
1035144919357304832,1,1,2,climate
1033823405513105410,0,0,0,climate
1222378726328918016,0,0,0,covid
1034271146609393665,0,0,0,climate
1132904526955065344,0,0,0,tech
1127197964252921861,0,0,0,tech
1034805438691328004,1,1,2,climate
1034026748365742081,1,2,1,climate
1034447287454380032,0,0,0,climate
1222505888629567488,1,1,2,covid
1174637543163191297,0,0,0,tech
1222845095600410624,0,0,0,covid
1246453746315530241,0,0,0,tech
1212238118675369985,0,0,0,tech
1222769924050845699,0,0,0,covid
1194733728733503494,0,0,0,tech
1189527893593989120,1,2,2,tech
1222606222001487872,1,2,1,covid
1238259137370357761,0,0,0,tech
1034065420129587200,0,0,0,climate
1222805843315392512,1,2,1,covid
1158926856348848128,0,0,0,tech
1035277490921635840,1,1,2,climate
1157335925929603072,0,0,0,tech
1222837244026851329,0,0,0,covid
1222755128853352448,1,2,1,covid
1033463660985966599,0,0,0,climate
1222640975467765763,0,0,0,covid
1199606759201091584,0,0,0,tech
1035272233223118848,1,2,1,climate
1034899784111349760,0,0,0,climate
1140336269236625415,1,1,1,tech
1032921010901794817,1,1,2,climate
1222771187790446592,1,2,1,covid
1241402966122217472,1,2,1,tech
1153375760561967105,1,2,1,tech
1194604477061287942,0,0,0,tech
1034463515875139586,1,2,1,climate
1218645193051774989,1,2,2,tech
1034275188689592320,1,1,2,climate
1222437878745137152,1,2,1,covid
1222684376791580674,0,0,0,covid
1201517692492099585,0,0,0,tech
1035249268959965184,1,1,1,climate
1245801897379987456,0,0,0,tech
1131125953919365121,0,0,0,tech
1034035319220391936,0,0,0,climate
1222875060966502400,0,0,0,covid
1034148257914609664,0,0,0,climate
1244634353260548098,0,0,0,tech
1222900555074244611,1,2,1,covid
1181707885635612675,1,1,1,tech
1035254105671757824,1,2,1,climate
1243268754974408706,0,0,0,tech
1222459490295001089,0,0,0,covid
1034605151179366400,0,0,0,climate
1178580750989320192,0,0,0,tech
1033681083630538757,1,1,2,climate
1035296022581403648,0,0,0,climate
1035356752122802176,1,2,2,climate
1130606180181729281,0,0,0,tech
1034627463551184896,1,2,2,climate
1243264501711097863,0,0,0,tech
1033804461792088064,1,1,1,climate
1222937914675515393,0,0,0,covid
1166331223226159104,0,0,0,tech
1222824116652138497,0,0,0,covid
1222848449030184961,1,2,1,covid
1190863666524180480,0,0,0,tech
1222893765372735490,1,2,2,covid
1035235229454278658,0,0,0,climate
1222391452451377152,1,2,1,covid
1034516980693434368,1,2,2,climate
1222554049259528192,1,2,1,covid
1128686194076860417,0,0,0,tech
1207715649046425600,0,0,0,tech
1222479676880424960,0,0,0,covid
1149889637126746118,0,0,0,tech
1238469806870999042,1,2,1,tech
1222761488223367170,0,0,0,covid
1222376633816047616,1,2,2,covid
1035100565271924736,0,0,0,climate
1222860749795733504,1,2,1,covid
1034486209672818689,0,0,0,climate
1222656891815247872,0,0,0,covid
1222900444722106369,1,2,1,covid
1034272574753132544,0,0,0,climate
1033311536100589568,0,0,0,climate
1034286711428272128,1,1,2,climate
1033045340461531136,1,2,1,climate
1196121102797422594,0,0,0,tech
1193806111859597312,1,2,2,tech
1146619622294245376,0,0,0,tech
1230979848555974658,0,0,0,tech
1034234908380684288,1,1,2,climate
1222719482478637056,0,0,0,covid
1033120199015165952,1,1,2,climate
1034804363150143488,0,0,0,climate
1034967286782849026,1,1,2,climate
1034911835756154888,0,0,0,climate
1222612141288484864,1,2,2,covid
1157042640560578580,1,1,2,tech
1212288437698486273,1,1,1,tech
1255639387565469696,0,0,0,tech
1032780203603316736,0,0,0,climate
1222700439507877889,1,2,1,covid
1034088476801687552,0,0,0,climate
1246063897485901830,1,1,2,tech
1222907469631901701,1,2,2,covid
1143066266174984192,0,0,0,tech
1222612172775161857,0,0,0,covid
1222789639808876545,1,2,2,covid
1222500934460178434,1,2,1,covid
1034071358500691969,0,0,0,climate
1222627661270351873,0,0,0,covid
1222660658577268737,1,2,1,covid
1034160842567245825,1,1,1,climate
1032646330731118595,0,0,0,climate
1222897266626719746,1,2,2,covid
1229738848843784192,1,1,2,tech
1035261745068032000,0,0,0,climate
1222554982324502530,0,0,0,covid
1033845870297579521,0,0,0,climate
1222633109528641537,1,2,1,covid
1156273376379461633,0,0,0,tech
1033716642491129857,1,1,2,climate
1240928819877298176,0,0,0,tech
1222458500804202497,0,0,0,covid
1211790598971232266,0,0,0,tech
1033308801951260672,0,0,0,climate
1180221264889147392,0,0,0,tech
1222617451323510786,1,2,1,covid
1222798133391814656,1,2,1,covid
1250180637685886977,0,0,0,tech
1032898117115498496,0,0,0,climate
1165236123699953664,0,0,0,tech
1148175606447656960,0,0,0,tech
1033938504009572352,1,1,2,climate
1035186690242039814,0,0,0,climate
1034400481353916417,0,0,0,climate
1222419507659960320,1,2,1,covid
1242885538216108033,0,0,0,tech
1035278897464659970,0,0,0,climate
1192020485166567424,0,0,0,tech
1229413958827806721,1,1,2,tech
1222602656088240130,1,2,1,covid
1034028352737169408,0,0,0,climate
1168130602928869376,0,0,0,tech
1253332330254438406,1,1,1,tech
1218455118305288192,0,0,0,tech
1035279519832145920,1,2,2,climate
1222845185232498690,1,2,2,covid
1222553888290533376,1,2,2,covid
1032745635450109954,1,1,1,climate
1222927569433088002,0,0,0,covid
1222832044486557696,0,0,0,covid
1034551915768504321,0,0,0,climate
1222906702128766977,1,2,1,covid
1222733268803620864,0,0,0,covid
1034040348304015360,1,1,2,climate
1240292627842564101,0,0,0,tech
1034886159330160641,0,0,0,climate
1034536980812652546,0,0,0,climate
1222894003714187264,1,2,2,covid
1034113800239304705,1,2,2,climate
1222562206979674115,0,0,0,covid
1222393591105875969,1,2,2,covid
1152932576279048192,0,0,0,tech
1222538960313835520,1,2,2,covid
1033859174101331969,0,0,0,climate
1032649590481268736,1,1,2,climate
1248796247856680961,0,0,0,tech
1145784778018283520,1,1,2,tech
1222551285330825223,0,0,0,covid
1033859535796985856,0,0,0,climate
1125877001758433280,0,0,0,tech
1222513514675195904,0,0,0,covid
1154004660241555462,0,0,0,tech
1207648875529621505,1,1,2,tech
1034044761353728000,0,0,0,climate
1222765200438263808,1,2,2,covid
1222398723831029760,1,2,2,covid
1033523716288917509,1,1,2,climate
1035249817583333376,0,0,0,climate
1032776407167000578,0,0,0,climate
1035128936835891202,1,2,2,climate
1034608372975316993,0,0,0,climate
1140914613409800192,0,0,0,tech
1255120489758023681,1,1,1,tech
1212084553801719809,1,1,2,tech
1032716377642033152,1,1,2,climate
1222699473236705282,1,2,1,covid
1137850121465602049,1,1,2,tech
1033083029441454081,1,1,1,climate
1034276910899945472,1,1,1,climate
1151796298934190080,0,0,0,tech
1033858455763922946,1,1,1,climate
1247767783573557249,0,0,0,tech
1222883668030558208,1,2,2,covid
1032755619961417729,1,1,2,climate
1035062107727962112,0,0,0,climate
1133354372077768704,0,0,0,tech
1144155077814284290,0,0,0,tech
1222539259015380993,1,2,1,covid
1155830451824517121,0,0,0,tech
1033536100969660416,0,0,0,climate
1222950237557288960,1,2,1,covid
1034425741084172289,0,0,0,climate
1222884433729966082,1,1,1,covid
1222406230590681091,0,0,0,covid
1035111108917514242,0,0,0,climate
1034434702092906497,0,0,0,climate
1222740769166913538,1,2,2,covid
1034193839156854791,1,1,1,climate
1222368829050949639,1,2,1,covid
1222932590845403136,0,0,0,covid
1032998857150328832,1,1,2,climate
1222575754757787648,0,0,0,covid
1222888811300098048,0,0,0,covid
1032994022225272837,0,0,0,climate
1222568034436550656,1,2,2,covid
1222795888378236930,1,2,1,covid
1149725386504167424,1,1,1,tech
1222886613665165312,1,2,2,covid
1222684150957666305,0,0,0,covid
1032982879180152834,0,0,0,climate
1034449355015634944,1,2,2,climate
1034868107825831942,0,0,0,climate
1222744723456253952,1,2,2,covid
1155045823358484482,1,2,1,tech
1176243177294127104,1,2,1,tech
1033559986453073920,0,0,0,climate
1249894182459564032,0,0,0,tech
1221767947355426817,0,0,0,tech
1032802320424333313,0,0,0,climate
1222434314492792833,0,0,0,covid
1222522889846562816,0,0,0,covid
1248826769206960130,1,2,1,tech
1035341498320007168,1,2,2,climate
1035197035023163393,0,0,0,climate
1035371901227548672,0,0,0,climate
1222706367724687361,0,0,0,covid
1033661581857452032,1,2,2,climate
1033991032596123648,0,0,0,climate
1222572616676003841,0,0,0,covid
1034324731678191616,1,1,1,climate
1222752600648552448,1,2,2,covid
1222748936835825670,1,2,2,covid
1034146532784791552,0,0,0,climate
1222643850470096896,0,0,0,covid
1033717484648624128,0,0,0,climate
1222802589131182080,1,2,1,covid
1240707922679738369,0,0,0,tech
1034652907428360192,0,0,0,climate
1176618949938765826,0,0,0,tech
1222648804874375169,1,2,1,covid
1034119639209398272,0,0,0,climate
1222402590832414720,0,0,0,covid
1033029636148457472,0,0,0,climate
1222642429570043905,1,1,2,covid
1222971281076817920,1,2,1,covid
1222971507724496901,1,2,2,covid
1035121401739595776,1,1,1,climate
1142091201841176578,0,0,0,tech
1233391403574624256,0,0,0,tech
1034381406993088512,0,0,0,climate
1222922336715902977,0,0,0,covid
1032908898502565888,0,0,0,climate
1243671328475033602,0,0,0,tech
1209213239873200128,0,0,0,tech
1222447801247916032,0,0,0,covid
1222844847163428865,1,2,1,covid
1222892215204081664,0,0,0,covid
1141342579222568960,0,0,0,tech
1032694792029794304,0,0,0,climate
1186501647960293376,0,0,0,tech
1143957541120069633,0,0,0,tech
1222463919144333312,0,0,0,covid
1033777412125978626,0,0,0,climate
1035180845005336577,1,2,2,climate
1133494259271774208,0,0,0,tech
1033863241670295559,0,0,0,climate
1034598220519759872,0,0,0,climate
1034947829997887488,0,0,0,climate
1252309615255130112,0,0,0,tech
1034624199506112512,0,0,0,climate
1199901671104532481,0,0,0,tech
1033842643489280001,0,0,0,climate
1240052923381346304,0,0,0,tech
1033237841575337984,1,1,2,climate
1180998217065828355,0,0,0,tech
1180216785385250816,0,0,0,tech
1035183927223377921,0,0,0,climate
1034988393002749952,0,0,0,climate
1222643720123666433,1,2,2,covid
1144360083142447104,0,0,0,tech
1032848109171134464,0,0,0,climate
1034543114566873088,0,0,0,climate
1191366740413837313,0,0,0,tech
1222455095314567168,1,2,1,covid
1242017129391517696,1,1,1,tech
1034012390164189184,1,1,1,climate
1161655249570009088,1,2,2,tech
1034191322444263424,0,0,0,climate
1222473226833424386,1,2,1,covid
1222453585776001024,1,2,2,covid
1032970239514951681,0,0,0,climate
1162501630966816774,0,0,0,tech
1222555032496877568,1,2,2,covid
1032965806987141120,1,1,1,climate
1222610496194588672,1,2,2,covid
1187056137075613696,0,0,0,tech
1222934353526906881,1,2,1,covid
1156614274954997761,0,0,0,tech
1188579191266131968,0,0,0,tech
1214200151776137218,1,2,1,tech
1034353203968655360,1,1,2,climate
1242123076663259136,0,0,0,tech
1222371951240470528,0,0,0,covid
1032794640196493312,1,1,2,climate
1157500120344256513,1,2,1,tech
1222376522838732800,1,2,1,covid
1222714059209883648,1,2,1,covid
1207318917640683523,0,0,0,tech
1179019424856195072,0,0,0,tech
1222393064754311170,0,0,0,covid
1216632413113081856,0,0,0,tech
1222856505399050241,1,2,1,covid
1222932834811174912,0,0,0,covid
1222595360830390272,0,0,0,covid
1124418533226622978,0,0,0,tech
1211658710063468544,0,0,0,tech
1130372303206932480,0,0,0,tech
1033425236472070144,0,0,0,climate
1222533598927974401,1,2,2,covid
1222806116645556224,1,2,2,covid
1035201280111665152,0,0,0,climate
1034033940334608384,0,0,0,climate
1221815384942268417,0,0,0,tech
1254586828490813442,0,0,0,tech
1222629576431558656,0,0,0,covid
1034912880548691969,0,0,0,climate
1146767817762574336,0,0,0,tech
1222446998101430272,0,0,0,covid
1222763289127485441,1,2,2,covid
1222923442791436288,1,2,1,covid
1235445308676423681,0,0,0,tech
1187981150926639104,0,0,0,tech
1034110335093944325,1,1,1,climate
1199147147368648704,1,1,1,tech
1141330161675186177,1,1,2,tech
1035163756400136192,1,1,1,climate
1033683097076813824,0,0,0,climate
1222612940760576000,0,0,0,covid
1222817049069674496,1,2,1,covid
1032680316845142016,0,0,0,climate
1157080573975945216,0,0,0,tech
1201529621092749312,0,0,0,tech
1034106466905595911,0,0,0,climate
1222515099090419712,1,2,1,covid
1238392499078672385,1,1,1,tech
1033703558372306945,1,1,2,climate
1210502407815348224,1,1,1,tech
1147402694178377728,0,0,0,tech
1222515432495562752,1,2,2,covid
1034557163736260608,0,0,0,climate
1033224835835551744,1,2,2,climate
1222859843666677760,1,2,1,covid
1222951864326639617,0,0,0,covid
1132576420922830848,1,1,1,tech
1155531544079077376,0,0,0,tech
1034404108093063168,1,2,1,climate
1032644205506637826,0,0,0,climate
1222760786860412930,1,2,1,covid
1170374158989049856,0,0,0,tech
1255565123298738183,0,0,0,tech
1033104179408068609,1,1,2,climate
1032620485811560454,0,0,0,climate
1034749266542059521,1,2,2,climate
1222547245569990657,0,0,0,covid
1034319173625815042,1,2,2,climate
1137905225958920193,0,0,0,tech
1182591684195995648,1,2,2,tech
1191296668571881472,0,0,0,tech
1222693378292359168,0,0,0,covid
1222765718715936769,1,2,1,covid
1033744561976303617,0,0,0,climate
1034737880739078144,0,0,0,climate
1222919755843153921,0,0,0,covid
1034080680500764672,0,0,0,climate
1034803042699366401,1,2,1,climate
1151479872243605505,0,0,0,tech
1222575723619266560,0,0,0,covid
1222699225831616514,1,2,2,covid
1222907317479518209,1,2,1,covid
1190282618413240320,0,0,0,tech
1033641120381771777,0,0,0,climate
1032795987667050496,1,2,2,climate
1222409806004150272,1,2,2,covid
1228240635058102273,0,0,0,tech
1032930812004630529,0,0,0,climate
1255311927187816450,0,0,0,tech
1153234723260522496,1,2,2,tech
1197278386210689030,0,0,0,tech
1032926749947031552,0,0,0,climate
1035161936630046720,1,2,1,climate
1234667561062555651,0,0,0,tech
1033483464681684993,0,0,0,climate
1179126605660196865,1,2,2,tech
1222503339348221954,0,0,0,covid
1034643361045438464,0,0,0,climate
1034456690865909765,0,0,0,climate
1034771621121286145,0,0,0,climate
1224392524728537090,0,0,0,tech
1135748375918338048,1,2,1,tech
1232968324486553600,1,2,2,tech
1232042368959942656,1,1,2,tech
1128274222646738944,1,2,1,tech
1222659380539219975,0,0,0,covid
1222385009945907200,0,0,0,covid
1032637988633829377,1,2,1,climate
1164638360197128198,0,0,0,tech
1146276456441569285,0,0,0,tech
1190013085693726720,0,0,0,tech
1182661263496826880,0,0,0,tech
1035337791457046528,0,0,0,climate
1222818795233972224,0,0,0,covid
1226716757949173763,0,0,0,tech
1222974338103574528,0,0,0,covid
1222574637823025152,0,0,0,covid
1222795277498769409,1,2,1,covid
1202247680912744448,0,0,0,tech
1222637874786512896,1,2,2,covid
1222868484142632970,0,0,0,covid
1032918966706950144,0,0,0,climate
1222957751409827841,0,0,0,covid
1199255625370390528,0,0,0,tech
1180141501839532032,0,0,0,tech
1222579517249724418,0,0,0,covid
1032671913640898560,1,1,2,climate
1148469173221244930,1,2,2,tech
1204300219682308097,0,0,0,tech
1034779515208257536,0,0,0,climate
1222367390484353025,1,2,2,covid
1209093788305522689,0,0,0,tech
1222659834983546880,0,0,0,covid
1129414592441016321,0,0,0,tech
1033852822410809344,1,1,1,climate
1222653235795808261,0,0,0,covid
1189559688494493697,1,1,2,tech
1222648621906132994,1,2,1,covid
1194671817283137537,0,0,0,tech
1034825246396887040,0,0,0,climate
1167533556622647296,0,0,0,tech
1128406276143230976,0,0,0,tech
1033377587219886080,1,1,2,climate
1180026493998632960,0,0,0,tech
1222882535799250946,1,2,1,covid
1222391241020588038,0,0,0,covid
1193998952305176576,0,0,0,tech
1238631817676087297,1,2,1,tech
1222438920983666689,1,2,1,covid
1197586727830994947,0,0,0,tech
1209276004109365248,1,2,1,tech
1034576785785016320,0,0,0,climate
1226917846862594051,1,1,1,tech
1172497718343852033,0,0,0,tech
1035337378200727552,1,2,1,climate
1033125878954450946,0,0,0,climate
1222965057308495872,0,0,0,covid
1222387596514381824,0,0,0,covid
1222805042073235457,1,2,1,covid
1222862878866378753,1,2,1,covid
1033009210626387969,0,0,0,climate
1222866325518929921,1,2,1,covid
1196515470771458049,0,0,0,tech
1222427939683340288,0,0,0,covid
1034798070796640256,0,0,0,climate
1189182602441183237,0,0,0,tech
1222455809466142720,1,2,2,covid
1222737722110029825,1,2,1,covid
1207277570787549184,1,1,1,tech
1033102650475270156,0,0,0,climate
1204873106294214657,1,2,1,tech
1221766424852492288,1,1,1,tech
1158819655605075968,0,0,0,tech
1222964460387807236,0,0,0,covid
1236728580949848065,0,0,0,tech
1222542956583763968,1,2,1,covid
1034592758781145088,0,0,0,climate
1035321077965234177,0,0,0,climate
1247636945179729926,1,2,2,tech
1162091912406323200,0,0,0,tech
1034930558604926976,1,2,2,climate
1033458814153097216,1,1,2,climate
1147578743805943808,0,0,0,tech
1222516897830166529,1,2,1,covid
1231250979305246721,1,2,2,tech
1221122821746642946,0,0,0,tech
1032968371137069056,0,0,0,climate
1138513913518145537,0,0,0,tech
1201320999763030021,0,0,0,tech
1222667737421549568,0,0,0,covid
1033360155176517632,0,0,0,climate
1033980519787069441,1,2,2,climate
1179809559793135616,1,2,2,tech
1247677660915855360,0,0,0,tech
1222815996559446017,1,2,1,covid
1222420042165489665,1,2,1,covid
1246088044517699585,0,0,0,tech
1193307089692692481,0,0,0,tech
1035349356679852032,0,0,0,climate
1154665838022209536,0,0,0,tech
1123353891779825669,1,1,2,tech
1034208226932219906,0,0,0,climate
1222592069647994880,1,2,1,covid
1034505118010368000,1,2,2,climate
1035214366931603456,1,1,2,climate
1222627398430154753,1,2,2,covid
1207674028116320259,0,0,0,tech
1181570087624564737,0,0,0,tech
1033710493528154114,0,0,0,climate
1222565873170280450,1,2,1,covid
1222628759964176384,1,2,1,covid
1159216429549285376,0,0,0,tech
1034876034376593408,0,0,0,climate
1034037590738001920,1,1,2,climate
1222573468853641217,1,2,2,covid
1222735821939363843,1,1,2,covid
1222566674185912320,1,2,2,covid
1034384297765949442,1,1,1,climate
1222889420891807744,1,2,1,covid
1226898990458904577,0,0,0,tech
1034049819839549441,0,0,0,climate
1226674154792861697,1,1,1,tech
1035177314320044032,1,1,1,climate
1222639846910582784,0,0,0,covid
1034519633649315841,0,0,0,climate
1034707269424955392,0,0,0,climate
1033991757913108480,0,0,0,climate
1169654896741605377,0,0,0,tech
1034222677039280133,0,0,0,climate
1034188090422833153,0,0,0,climate
1222382367295148032,1,2,1,covid
1033266064187158528,0,0,0,climate
1222380796050378752,0,0,0,covid
1128195692697137152,0,0,0,tech
1222852101300056065,1,2,2,covid
1033960351124074496,0,0,0,climate
1170722408233234432,0,0,0,tech
1035311260869558272,1,1,2,climate
1222615159665045506,1,2,1,covid
1171485255145967617,1,2,2,tech
1222755503425503232,0,0,0,covid
1150925569791537152,0,0,0,tech
1222682559277977600,1,2,1,covid
1135958297025138688,1,2,2,tech
1033761178059780097,1,1,1,climate
1156343239051554822,0,0,0,tech
1222637537308676096,1,2,2,covid
1222913195037335554,0,0,0,covid
1034885913594273793,1,2,1,climate
1222650828705665024,0,0,0,covid
1033692322222039041,1,2,2,climate
1222854345722671106,0,0,0,covid
1194704327337750533,0,0,0,tech
1033308806707650560,1,2,1,climate
1222461267123662848,1,2,1,covid
1222425600020942848,1,2,2,covid
1032971871522893824,1,2,2,climate
1033027844769804288,0,0,0,climate
1222905715741716482,0,0,0,covid
1222867662084214784,1,2,2,covid
1222880234959245312,0,0,0,covid
1222646300581269505,0,0,0,covid
1187616942745686017,0,0,0,tech
1034340284799299584,1,1,2,climate
1239202961474990082,1,2,2,tech
1222428707694039040,0,0,0,covid
1222490214058229762,1,2,1,covid
1133779368302526470,0,0,0,tech
1035211207450480640,0,0,0,climate
1222735494401941504,0,0,0,covid
1035178152505602056,0,0,0,climate
1222819240731869184,1,2,1,covid
1222912353743900672,0,0,0,covid
1165047065774370817,1,2,1,tech
1222649015768055808,0,0,0,covid
1034470715955793920,0,0,0,climate
1202191497119977475,0,0,0,tech
1222843693905801216,1,1,2,covid
1222459295926833152,0,0,0,covid
1125490654304460800,0,0,0,tech
1254802370040659969,0,0,0,tech
1166304371992420353,0,0,0,tech
1182128788244701185,1,1,1,tech
1222392933913022464,1,2,1,covid
1033684713284747264,0,0,0,climate
1032907686562738176,0,0,0,climate
1127746062561583104,0,0,0,tech
1035255341280256000,1,1,1,climate
1222853377576644608,1,2,1,covid
1222787938892820481,1,2,1,covid
1035032158258294784,1,1,2,climate
1187359903545024513,0,0,0,tech
1219841335781416961,0,0,0,tech
1203743831080013825,0,0,0,tech
1133746849855225857,0,0,0,tech
1034330278641258496,0,0,0,climate
1135540711732985856,0,0,0,tech
1222625719680933888,1,2,1,covid
1124975863940943872,1,2,1,tech
1160978054023438337,0,0,0,tech
1222429171650969600,1,2,1,covid
1222437323322937344,0,0,0,covid
1034219438080290816,0,0,0,climate
1033513922786197505,0,0,0,climate
1134570338380107776,0,0,0,tech
1222470311993581568,1,2,1,covid
1180010626980237312,1,2,1,tech
1222528071338577920,1,2,2,covid
1035112425807335425,1,2,1,climate
1222602303556833280,1,2,2,covid
1177164245630406657,1,1,2,tech
1242509397231894530,0,0,0,tech
1034649100178870272,1,2,1,climate
1207261799223087105,0,0,0,tech
1033908750585929728,0,0,0,climate
1033020730940829696,0,0,0,climate
1174961190314725376,0,0,0,tech
1033814491916578817,0,0,0,climate
1197106768821850112,0,0,0,tech
1129190170585182208,1,2,1,tech
1222425920964788224,1,2,2,covid
1034274372679348224,0,0,0,climate
1034180048507551744,0,0,0,climate
1241741779608768514,0,0,0,tech
1033716119494905857,1,1,2,climate
1222816353930792960,1,2,1,covid
1253235797010141185,0,0,0,tech
1033109656783269889,1,2,2,climate
1244974499201568768,0,0,0,tech
1032981668800294913,0,0,0,climate
1191493011894624257,0,0,0,tech
1233924663555784705,0,0,0,tech
1196851420223463424,0,0,0,tech
1240262747637628928,1,2,1,tech
1033868878349099013,1,1,2,climate
1247081542196871170,0,0,0,tech
1222401763547856896,1,2,1,covid
1171144325503361024,0,0,0,tech
1034390277568557057,1,1,2,climate
1222506547919474688,0,0,0,covid
1224590756318498817,1,2,2,tech
1178998400903041025,0,0,0,tech
1222708527090880513,1,2,2,covid
1242742548222836736,0,0,0,tech
1034128054635909121,0,0,0,climate
1033567209442791424,1,2,2,climate
1222908126988509185,1,2,1,covid
1244610445740257281,0,0,0,tech
1222741229282131968,0,0,0,covid
1222443881599569921,1,2,1,covid
1032685675911544832,0,0,0,climate
1222930505227755521,0,0,0,covid
1033555529803546625,0,0,0,climate
1199878503950409729,1,1,2,tech
1248330096970272771,0,0,0,tech
1222907754895024129,1,2,1,covid
1147914957272637440,0,0,0,tech
1239548056468688906,0,0,0,tech
1176668359699644418,0,0,0,tech
1222466552236134400,1,2,2,covid
1222796197959753730,1,2,1,covid
1034506551640219648,0,0,0,climate
1032628473892749313,0,0,0,climate
1222475770909429760,1,2,2,covid
1222465004064079872,1,2,1,covid
1202642885809713153,0,0,0,tech
1169322149632495616,1,1,2,tech
1033658158210793473,0,0,0,climate
1248676273515266051,0,0,0,tech
1033280617964883969,1,1,2,climate
1222506162475749376,1,2,1,covid
1204526457231466498,0,0,0,tech
1222554707782184960,0,0,0,covid
1215022759241232384,0,0,0,tech
1035234446419537920,0,0,0,climate
1222686666457960448,1,2,1,covid
1222705322680254465,1,2,1,covid
1034321001520263168,0,0,0,climate
1222566607966199811,1,2,1,covid
1220162580670345216,0,0,0,tech
1034935523855491072,1,1,2,climate
1034847269953134594,0,0,0,climate
1146507574881280000,0,0,0,tech
1222377138076180482,0,0,0,covid
1211757679607197696,0,0,0,tech
1222727698427940864,0,0,0,covid
1222460630826766336,1,2,2,covid
1166967650142105600,0,0,0,tech
1034461230063333376,0,0,0,climate
1222543974956662785,0,0,0,covid
1034985950198157312,0,0,0,climate
1158849159534788608,1,2,2,tech
1222753005914808320,0,0,0,covid
1216127405850595328,0,0,0,tech
1035309744469274624,0,0,0,climate
1034911388450410499,0,0,0,climate
1222910557218660352,0,0,0,covid
1146667795297402880,0,0,0,tech
1170336326920679429,1,2,1,tech
1222417695427235840,0,0,0,covid
1222958176338710528,0,0,0,covid
1033319899580518400,0,0,0,climate
1033476022522531840,0,0,0,climate
1141563840653606912,1,1,2,tech
1222918890927337473,1,2,2,covid
1224565166206939137,1,1,2,tech
